"","ZIP","CAPACITY","Income","Perc_White","House_Value","Adoption_Rate","Perc_House_Owned","Perc_House_Rented","TPO_FREQ"
"1","07001",1524.128,69849,51.4,263700,0.0450019912385504,0.503982477100757,0.496017522899243,0.809734513274336
"2","07002",1737.905,63947,62.6,333700,0.0107341691032162,0.384667761445108,0.615332238554892,0.772388059701492
"3","07003",3515.595,78034,61.2,329900,0.0321903428971309,0.514830166334715,0.485169833665285,0.759197324414716
"4","07004",1990.187,122063,94.8,517500,0.0850820297596337,0.910721098817245,0.0892789011827547,0.883408071748879
"5","07005",1217.411,111946,84.9,466700,0.0275095645837129,0.730734195664055,0.269265804335945,0.635761589403974
"6","07006",1142.013,127921,89.6,556500,0.0144110275689223,0.768170426065163,0.231829573934837,0.681159420289855
"7","07008",3596.223,73347,54.4,272200,0.0666246056782334,0.577160883280757,0.422839116719243,0.852272727272727
"8","07009",782.445,123768,86.5,473100,0.022075055187638,0.800441501103753,0.199558498896247,0.55
"9","07010",482.825,72633,70.6,447900,0.00637366818873668,0.45443302891933,0.54556697108067,0.716417910447761
"10","07011",2184.92,59519,62.1,312800,0.0285398055182228,0.471104435133212,0.528895564866788,0.786703601108033
"11","07012",1106.41,81361,74.9,355000,0.0384447356924421,0.55307994757536,0.44692005242464,0.840909090909091
"12","07013",3449.97,92312,73.7,365200,0.051842972729997,0.698032164618919,0.301967835381081,0.763005780346821
"13","07014",404.767,89349,67.3,326600,0.0319956616052061,0.721800433839479,0.278199566160521,0.661016949152542
"14","07016",980.347,129781,88.7,486600,0.0152912075556555,0.790420508207781,0.209579491792219,0.691176470588235
"15","07017",941.12,48673,3.4,222900,0.011771853877117,0.286473760157971,0.713526239842029,0.806451612903226
"16","07018",447.205,47094,3.4,212400,0.00751662330153223,0.216536571263371,0.783463428736629,0.756410256410256
"17","07020",116.97,127221,51.4,600600,0.0033037732568249,0.352286558859329,0.647713441140671,0.526315789473684
"18","07021",37.99,213309,93.8,848500,0.0065359477124183,0.938562091503268,0.061437908496732,1
"19","07022",276.51,57698,77.2,364900,0.00783040488922842,0.319327731092437,0.680672268907563,0.609756097560976
"20","07023",361.28,147905,85.6,467800,0.0227454110135674,0.884676775738228,0.115323224261772,0.631578947368421
"21","07024",439.614,83767,49.9,324600,0.00303221008066823,0.593569426168545,0.406430573831455,0.622641509433962
"22","07026",1281.514,62867,83.8,338400,0.0185937905387875,0.404133875291879,0.595866124708121,0.795348837209302
"23","07027",390.745,88892,91.2,380800,0.031304347826087,0.588985507246377,0.411014492753623,0.759259259259259
"24","07028",182.644,198625,81,649500,0.0104208416833667,0.913426853707415,0.0865731462925852,0.538461538461538
"25","07029",238.165,69389,49.3,328600,0.00578034682080925,0.27346545554638,0.72653454445362,0.69047619047619
"26","07030",127.32,147620,80.7,720700,0.000913350806131364,0.328131204828846,0.671868795171154,0.173913043478261
"27","07031",1397.095,84527,83.7,363400,0.0335213032581454,0.524749373433584,0.475250626566416,0.813084112149533
"28","07032",1775.26,70658,66,333100,0.0223953261927945,0.467979926597259,0.532020073402741,0.802675585284281
"29","07033",1200.195,93208,76,345500,0.0570801317233809,0.69849981705086,0.30150018294914,0.743589743589744
"30","07034",708.955,86799,58.6,326300,0.0307414104882459,0.624773960216998,0.375226039783002,0.686274509803922
"31","07035",755.385,98136,89,333400,0.0225442834138486,0.788244766505636,0.211755233494364,0.726190476190476
"32","07036",5155.209,72432,54.7,280300,0.0525120083084512,0.562832662598987,0.437167337401013,0.800988875154512
"33","07039",2324.664,166629,68.7,627000,0.0235696821515892,0.865916870415648,0.134083129584352,0.473029045643154
"34","07040",1877.538,138870,52.7,529400,0.0400251730648206,0.773820012586532,0.226179987413468,0.575471698113208
"35","07041",249.613,134732,65.3,789200,0.0139275766016713,0.655391961798647,0.344608038201353,0.257142857142857
"36","07042",1164.461,108708,57.4,516500,0.0163855883480261,0.506515906477578,0.493484093522422,0.567251461988304
"37","07043",587.653,205735,86.9,750800,0.0181510164569216,0.82405614714424,0.17594385285576,0.453333333333333
"38","07044",745.349,125000,90.9,454500,0.019774011299435,0.805649717514124,0.194350282485876,0.666666666666667
"39","07045",677.267,169095,74.6,590700,0.0167396343033737,0.961627607519959,0.0383723924800412,0.523076923076923
"40","07046",58.585,242083,84,862400,0.00663227708179808,0.954310980103169,0.0456890198968312,0.777777777777778
"41","07047",2080.984,63908,67.9,350600,0.0145452876938607,0.401761952831054,0.598238047168946,0.71608832807571
"42","07050",626.66,43039,13.6,236400,0.0107858243451464,0.20467385721623,0.79532614278377,0.666666666666667
"43","07052",3863.693,105584,55,385200,0.0315584257341294,0.695321067381504,0.304678932618496,0.681467181467181
"44","07054",2487.575,99251,54.3,461700,0.0316194912217843,0.502776782515228,0.497223217484772,0.730878186968839
"45","07055",1706.472,40944,64.6,332600,0.0120882441825325,0.223833988113227,0.776166011886773,0.670833333333333
"46","07057",572.11,68845,86.9,375800,0.019004911381593,0.418748665385437,0.581251334614563,0.797752808988764
"47","07058",286.267,132402,69.2,643100,0.0153424657534247,0.567671232876712,0.432328767123288,0.678571428571429
"48","07059",1151.804,170096,77.6,789600,0.0221494607087827,0.922187981510015,0.0778120184899846,0.31304347826087
"49","07060",2229.994,58707,37.6,275200,0.0219758199185091,0.401977155834614,0.598022844165386,0.778115501519757
"50","07062",1153.675,69590,25.5,243200,0.043186895011169,0.594936708860759,0.40506329113924,0.827586206896552
"51","07063",1168.11,65377,27.8,257700,0.0426278836509529,0.621614844533601,0.378385155466399,0.776470588235294
"52","07064",879.87,89022,62.2,293200,0.0942249240121581,0.842705167173252,0.157294832826748,0.846774193548387
"53","07065",2728.442,78946,51.5,272700,0.0356510969568294,0.596956829440906,0.403043170559094,0.826302729528536
"54","07066",1246.879,109924,93.2,446700,0.0246122724207687,0.779669588671612,0.220330411328388,0.684931506849315
"55","07067",2776.407,113136,71.3,364600,0.0571244150395353,0.881232854607068,0.118767145392932,0.69774011299435
"56","07068",339.151,129006,86.9,485100,0.0157513835674755,0.774797786292039,0.225202213707961,0.594594594594595
"57","07069",574.085,156408,83.9,660400,0.022391615054788,0.830871843735112,0.169128156264888,0.319148936170213
"58","07070",1296.555,101473,72.8,473500,0.0269456786584492,0.638813243514404,0.361186756485596,0.526595744680851
"59","07071",1473.973,79985,84,375600,0.0249485008010987,0.5639734493019,0.4360265506981,0.715596330275229
"60","07072",629.187,88827,85.2,408600,0.0356255178127589,0.631317315658658,0.368682684341342,0.686046511627907
"61","07073",579.04,80896,68.3,381100,0.0209278870398386,0.341906202723147,0.658093797276853,0.578313253012048
"62","07074",358.673,66976,73.2,360100,0.0501600853788687,0.713980789754536,0.286019210245464,0.851063829787234
"63","07075",704.626,110625,77.3,411800,0.028657616892911,0.705882352941177,0.294117647058824,0.715789473684211
"64","07076",1853.343,131630,77.2,497400,0.0258374299759918,0.819480964902252,0.180519035097748,0.623893805309734
"65","07077",517.29,76813,72.6,285900,0.0721649484536082,0.687628865979381,0.312371134020619,0.842857142857143
"66","07078",426.392,250001,66.1,1391900,0.0101375814627082,0.901762008206614,0.0982379917933864,0.285714285714286
"67","07079",1097.202,138525,64.4,604300,0.0269275474622239,0.682293684618365,0.317706315381635,0.561151079136691
"68","07080",3910.421,101565,61.6,340200,0.0639828369510348,0.844775365976779,0.155224634023221,0.779092702169625
"69","07081",1058.745,111899,72.9,436900,0.0176785973047384,0.614258803072019,0.385741196927981,0.704918032786885
"70","07082",385.96,130905,88.2,577200,0.0227992400253325,0.929702343255225,0.0702976567447752,0.416666666666667
"71","07083",7513.75,90971,47.5,332300,0.0613281659159946,0.751073635697078,0.248926364302922,0.818104184457728
"72","07086",106.43,101449,71.3,650400,0.0034675109301975,0.3013719282376,0.6986280717624,0.347826086956522
"73","07087",407.275,48965,70.4,340900,0.00314131853785901,0.208142950391645,0.791857049608355,0.831168831168831
"74","07088",360.42,64130,13.4,237900,0.0449438202247191,0.611556982343499,0.388443017656501,0.785714285714286
"75","07090",830.142,171064,83.4,743800,0.00972762645914397,0.823443579766537,0.176556420233463,0.44
"76","07092",401.645,120750,88.5,627300,0.0174050632911392,0.910601265822785,0.0893987341772152,0.340909090909091
"77","07093",494.41,57473,61.6,325900,0.00286105236969772,0.230252518970021,0.769747481029979,0.826086956521739
"78","07094",1316.247,114821,62.1,460800,0.0242159587137753,0.581579992060341,0.418420007939659,0.737704918032787
"79","07095",1682.175,86615,57.8,279800,0.0322667383705297,0.561844581876849,0.438155418123151,0.8125
"80","07102",27.18,25677,27.4,244800,0.00090892564988184,0.0808943828394837,0.919105617160516,0.4
"81","07103",580.557,30108,10.7,186200,0.00988593155893536,0.229066328686101,0.770933671313899,0.461538461538462
"82","07104",766.85,37424,37.9,276700,0.00522868913066441,0.228108165205451,0.771891834794549,0.757575757575758
"83","07105",297.179,44785,69.9,326500,0.00271362586605081,0.21784064665127,0.78215935334873,0.638297872340426
"84","07106",730.885,41195,3.8,218300,0.0110583153347732,0.315334773218143,0.684665226781857,0.8671875
"85","07107",480.485,31842,29.6,235500,0.00590595896115696,0.215643219504808,0.784356780495192,0.730769230769231
"86","07108",728.31,27000,5.1,203400,0.0164650537634409,0.161962365591398,0.838037634408602,0.843537414965986
"87","07109",2628.09,70670,62.9,295600,0.0349495446714251,0.517761916482074,0.482238083517926,0.78169014084507
"88","07110",1663.148,99507,79.6,387700,0.0216622858696637,0.653947249161606,0.346052750838394,0.769874476987448
"89","07111",1755.425,45176,7.3,182400,0.01483220135837,0.279165001997603,0.720834998002397,0.797979797979798
"90","07112",687.517,36246,3.2,239000,0.0121712222795255,0.267148014440433,0.732851985559567,0.830508474576271
"91","07114",115.07,29682,24.5,256900,0.00533333333333333,0.159407407407407,0.840592592592593,0.5
"92","07201",1356.57,47630,52.5,266900,0.0226563403074789,0.230262397410704,0.769737602589296,0.673469387755102
"93","07202",2213.445,50970,34.3,278100,0.0251202565473009,0.234633885622662,0.765366114377338,0.78419452887538
"94","07203",2501.65,64718,26.2,225100,0.0530937584436639,0.570926776546879,0.429073223453121,0.865139949109415
"95","07204",994.565,75000,58.3,284000,0.030517380759903,0.578011317704123,0.421988682295877,0.71523178807947
"96","07205",2427.835,75239,26.8,259300,0.0512122037591937,0.672160174339417,0.327839825660583,0.803191489361702
"97","07206",1445.33,42727,24.9,253900,0.0266024828984039,0.252850266024829,0.747149733975171,0.619047619047619
"98","07208",1484.674,49313,55.5,324200,0.0201384518565135,0.25182055200935,0.74817944799065,0.834821428571429
"99","07302",205.482,136679,52.4,695600,0.00152091254752852,0.261239096399016,0.738760903600984,0.294117647058824
"100","07304",666.719,48360,25.9,304300,0.00615863141524106,0.289206842923795,0.710793157076205,0.747474747474748
"101","07305",1659.38,55955,19.5,311300,0.011433868974042,0.40265760197775,0.59734239802225,0.795366795366795
"102","07306",465.565,59794,42.8,358800,0.0036803103396827,0.22733376436067,0.77266623563933,0.689189189189189
"103","07307",562.229,63281,46.4,406000,0.00623370014630113,0.315247121684371,0.684752878315629,0.73469387755102
"104","07401",133.34,170968,85.5,757000,0.00678733031674208,0.836199095022624,0.163800904977376,0.333333333333333
"105","07403",69.865,94099,89.8,303700,0.00406366407043684,0.661699966136133,0.338300033863867,0.166666666666667
"106","07405",237.213,116884,90.9,451400,0.00359712230215827,0.768845792930873,0.231154207069127,0.130434782608696
"107","07407",1643.269,77334,76,362700,0.0359157019887207,0.565004452359751,0.434995547640249,0.723140495867769
"108","07410",2908.465,123159,82.4,424000,0.0357425133924651,0.793009572319311,0.206990427680689,0.624078624078624
"109","07416",382.04,68242,94.5,194400,0.0197132616487455,0.739247311827957,0.260752688172043,0.818181818181818
"110","07417",368.48,172766,87.6,945900,0.0070221066319896,0.893368010403121,0.106631989596879,0.37037037037037
"111","07418",313.913,133186,86.7,271900,0.0459317585301837,0.976377952755906,0.0236220472440945,0.542857142857143
"112","07419",406.999,88469,91.6,222500,0.0125278396436526,0.777839643652561,0.222160356347439,0.8
"113","07420",231.832,83796,82.5,269200,0.0157342657342657,0.777389277389277,0.222610722610723,0.814814814814815
"114","07421",797.745,95383,87.8,258600,0.0327930644553336,0.89860535243121,0.10139464756879,0.64367816091954
"115","07422",111.65,1e+05,93.4,222500,0.00599828620394173,0.952870608397601,0.0471293916023993,0.357142857142857
"116","07423",135.62,216875,85.3,756800,0.00695410292072323,0.919332406119611,0.0806675938803894,0.3
"117","07424",1870.676,87125,83.4,367400,0.0248052480524805,0.677531775317753,0.322468224682247,0.665289256198347
"118","07430",1081.506,107081,81.5,498400,0.0115565555328288,0.775209654326038,0.224790345673962,0.513274336283186
"119","07432",152.774,121162,91.8,513400,0.00824278756088423,0.670663169726489,0.329336830273511,0.590909090909091
"120","07435",209.26,123949,88.1,381300,0.0316901408450704,0.881455399061033,0.118544600938967,0.592592592592593
"121","07436",388.988,126319,91,468700,0.0118008024545669,0.905357564314373,0.0946424356856266,0.56
"122","07438",1201.195,111169,92.7,350000,0.0298677610579115,0.929776561787506,0.0702234382124943,0.732824427480916
"123","07439",226.64,89659,93.6,223900,0.0350665054413543,0.839177750906892,0.160822249093108,0.655172413793103
"124","07440",463.748,134766,96.2,432500,0.0363516192994052,0.822868473231989,0.177131526768011,0.836363636363636
"125","07442",563.63,102371,85.9,302700,0.0164835164835165,0.736763236763237,0.263236763236763,0.727272727272727
"126","07444",426.244,98281,94.9,422700,0.0111635895234006,0.786818376985831,0.213181623014169,0.692307692307692
"127","07446",464.16,147625,90.9,598200,0.00925253991291727,0.868468795355588,0.131531204644412,0.529411764705882
"128","07450",600.064,184556,78.9,762600,0.00974729241877256,0.781468110709988,0.218531889290012,0.530864197530864
"129","07452",457.325,187000,82.4,646600,0.0148305084745763,0.945180084745763,0.0548199152542373,0.714285714285714
"130","07456",672.299,122385,90.9,366200,0.0190615835777126,0.952834799608993,0.0471652003910068,0.525641025641026
"131","07457",152.15,110664,89.5,347400,0.00935608145294441,0.706659328563566,0.293340671436434,0.588235294117647
"132","07458",597.93,162837,73.9,1013900,0.0116610520860327,0.871987561544442,0.128012438455558,0.288888888888889
"133","07460",163.68,109245,95.9,279800,0.0149724192277384,0.93538219070134,0.0646178092986604,0.578947368421053
"134","07461",1274.848,89366,94.9,273400,0.0183806775026584,0.848701200060763,0.151298799939237,0.537190082644628
"135","07462",221.585,88934,92.9,213800,0.00900900900900901,0.72777124951038,0.27222875048962,0.652173913043478
"136","07463",328.592,124803,88.8,448900,0.0137408861469434,0.875771172181716,0.124228827818284,0.551020408163265
"137","07465",343.619,102610,93.8,343100,0.0160595377986682,0.848413631022327,0.151586368977673,0.634146341463415
"138","07470",3689.131,123204,87,468500,0.0217438692098093,0.794986376021798,0.205013623978202,0.6265664160401
"139","07480",1243.123,100700,94.5,291700,0.0215731828742117,0.888981081978095,0.111018918021905,0.6
"140","07481",188.781,153736,93.3,742900,0.00428595919766844,0.901765815189439,0.0982341848105606,0.32
"141","07501",590.835,30467,22.4,247400,0.00735225686365752,0.138296882270824,0.861703117729176,0.69620253164557
"142","07502",1132.485,54940,38.7,235800,0.0375222024866785,0.49866785079929,0.50133214920071,0.751479289940828
"143","07503",823.995,46520,41.2,252500,0.0201889238747916,0.306167808853491,0.693832191146509,0.706422018348624
"144","07504",486.985,60231,27.6,286700,0.020097772949484,0.337859858772406,0.662140141227594,0.797297297297297
"145","07506",921.415,97692,86.3,381000,0.0175611126720989,0.591177296993537,0.408822703006463,0.752
"146","07508",1687.5,79444,77,356000,0.0316934093621536,0.637846439464262,0.362153560535738,0.761506276150628
"147","07512",1229.855,105637,83.5,371200,0.0436717663421419,0.821974965229485,0.178025034770515,0.745222929936306
"148","07513",750.215,44315,21.1,251600,0.0291817087845969,0.303249097472924,0.696750902527076,0.762886597938144
"149","07514",643.918,43776,15.4,219700,0.014920478767011,0.279390063944909,0.720609936055091,0.758241758241758
"150","07522",330.56,37658,38.1,219500,0.00855544587035209,0.214379730174399,0.785620269825601,0.730769230769231
"151","07524",464.915,38794,42.5,259900,0.0153073427409711,0.255680459220282,0.744319540779718,0.796875
"152","07601",1611.112,70090,49.9,296300,0.0126310272536688,0.331656184486373,0.668343815513627,0.746887966804979
"153","07603",620.665,91232,66,336000,0.0347421203438395,0.722421203438395,0.277578796561605,0.77319587628866
"154","07604",1226.53,94801,75.5,429100,0.0464015151515152,0.65530303030303,0.34469696969697,0.770408163265306
"155","07605",305.707,102250,52.6,506100,0.0137108792846498,0.63397913561848,0.36602086438152,0.630434782608696
"156","07606",204.89,72500,86,414400,0.035264483627204,0.463476070528967,0.536523929471033,0.607142857142857
"157","07607",673.53,94317,70.4,389300,0.0293363714041584,0.656792936485332,0.343207063514668,0.757281553398058
"158","07620",183.013,130962,59.9,2000001,0.0283687943262411,0.845744680851064,0.154255319148936,0.4375
"159","07621",2916.067,96335,55.9,358200,0.0460541023921306,0.69215291750503,0.30784708249497,0.737864077669903
"160","07624",234.995,140357,55.8,674000,0.00827933765298776,0.824694024478042,0.175305975521958,0.695652173913043
"161","07626",340.44,151442,68.1,677500,0.0120910384068279,0.851351351351351,0.148648648648649,0.588235294117647
"162","07627",236.823,154500,68.9,681500,0.0101190476190476,0.877380952380952,0.122619047619048,0.411764705882353
"163","07628",1409.94,100219,73.7,376100,0.0312401883830455,0.733437990580848,0.266562009419152,0.793969849246231
"164","07630",541.32,128093,83.1,492000,0.0247933884297521,0.857142857142857,0.142857142857143,0.603174603174603
"165","07631",1724.375,85733,52.6,387400,0.0177685577703617,0.546225308920357,0.453774691079643,0.736040609137056
"166","07632",327.03,149358,51.2,991000,0.0179055887140532,0.900162778079219,0.0998372219207813,0.484848484848485
"167","07640",196.8,134688,77.4,601200,0.01230012300123,0.931119311193112,0.0688806888068881,0.25
"168","07641",183.575,178450,80.6,691500,0.0188679245283019,0.951482479784367,0.0485175202156334,0.523809523809524
"169","07642",463.557,146108,85.1,565200,0.0146762589928058,0.851223021582734,0.148776978417266,0.627450980392157
"170","07643",1440.064,66098,62.9,329300,0.053466796875,0.42724609375,0.57275390625,0.844748858447489
"171","07644",2462.883,66595,74.6,373000,0.043725156161272,0.440431572969903,0.559568427030097,0.838961038961039
"172","07645",314.24,146708,78.4,619400,0.0107563025210084,0.883025210084034,0.116974789915966,0.6875
"173","07646",750.481,94344,72.2,426800,0.0186038573135347,0.622973203618365,0.377026796381635,0.688073394495413
"174","07647",435.617,109844,70.8,467700,0.0297723292469352,0.832457676590776,0.167542323409224,0.588235294117647
"175","07648",322.43,122200,67.2,626700,0.0143518518518519,0.818055555555556,0.181944444444444,0.580645161290323
"176","07649",254.185,132358,77.3,615500,0.0111190817790531,0.885939741750359,0.114060258249641,0.354838709677419
"177","07650",221.15,68245,31.3,558400,0.00405241118465487,0.367283533702553,0.632716466297447,0.766666666666667
"178","07652",2714.604,128306,66.4,600200,0.0317055393586006,0.858722060252673,0.141277939747327,0.574712643678161
"179","07656",70.06,137883,93.3,589800,0.0021478981282602,0.813132862841362,0.186867137158638,0.285714285714286
"180","07657",427.565,71699,63.4,442500,0.0146328717010713,0.451528612490201,0.548471387509799,0.625
"181","07660",658.598,86923,73.4,349100,0.0220338983050847,0.547457627118644,0.452542372881356,0.721153846153846
"182","07661",697.355,124598,69.1,520800,0.0209464701318852,0.758986294284975,0.241013705715025,0.592592592592593
"183","07662",672.845,84196,75.3,380800,0.0489755122438781,0.743128435782109,0.256871564217891,0.683673469387755
"184","07663",1743.315,106776,84.6,379000,0.0521771771771772,0.687875375375375,0.312124624624625,0.830935251798561
"185","07666",3090.121,111821,57.4,408500,0.0354957160342717,0.726897184822521,0.273102815177479,0.760775862068966
"186","07670",437.371,172926,65.1,829600,0.0106609808102345,0.780170575692964,0.219829424307036,0.48
"187","07675",1489.652,131940,82.2,589200,0.0156468008770181,0.754235598963524,0.245764401036476,0.630573248407643
"188","07676",283.9,140260,92.6,509400,0.00783132530120482,0.939156626506024,0.0608433734939759,0.846153846153846
"189","07677",216.72,171103,91.1,812300,0.00967906265919511,0.889454915944982,0.110545084055018,0.368421052631579
"190","07701",1980.359,91587,80.7,404900,0.0255276381909548,0.67035175879397,0.32964824120603,0.661417322834646
"191","07702",422.605,124474,94,589400,0.0327754532775453,0.905857740585774,0.0941422594142259,0.659574468085106
"192","07704",265.467,179138,95.1,731900,0.0181119648737651,0.933589462129528,0.066410537870472,0.363636363636364
"193","07711",66.63,130313,97,734000,0.0148760330578512,0.854545454545454,0.145454545454545,0.555555555555556
"194","07712",3164.766,69830,63.2,415100,0.0234365658256606,0.465861532942724,0.534138467057276,0.693877551020408
"195","07716",971.565,92222,96.2,455700,0.0341545352743561,0.712765957446808,0.287234042553192,0.581967213114754
"196","07717",114.81,92813,94.4,884300,0.0222965440356745,0.666666666666667,0.333333333333333,0.25
"197","07718",1095.415,125919,91.5,355900,0.0611464968152866,0.879830148619958,0.120169851380042,0.833333333333333
"198","07719",3605.317,100391,94.6,459800,0.0509827278141751,0.712447885646218,0.287552114353782,0.689252336448598
"199","07720",350.7,64246,89.3,567400,0.025092936802974,0.475836431226766,0.524163568773234,0.5
"200","07721",618.91,77482,64.2,267800,0.0641539695268645,0.599037690457097,0.400962309542903,0.775
"201","07722",1292.179,174635,95.8,801500,0.0329067641681901,0.893357708714199,0.106642291285801,0.388888888888889
"202","07723",77.26,65521,93.2,1078100,0.017921146953405,0.559139784946237,0.440860215053763,0.2
"203","07724",2687.253,82783,75.3,374300,0.0359267734553776,0.657894736842105,0.342105263157895,0.738853503184713
"204","07726",7203.364,118187,87.3,460300,0.0482495801576024,0.84859837230332,0.15140162769668,0.666666666666667
"205","07727",1641.672,80177,80,458900,0.065955766192733,0.701816745655608,0.298183254344392,0.640718562874252
"206","07728",9460.366,91855,80.7,379500,0.0491630750726671,0.735641976546056,0.264358023453944,0.678899082568807
"207","07730",3701.291,101849,92.7,345400,0.0774780965469851,0.87510736986772,0.12489263013228,0.796008869179601
"208","07731",11575.002,109354,85.5,337200,0.101547842401501,0.890243902439024,0.109756097560976,0.793687451886066
"209","07732",350.194,61436,86.6,293300,0.0203160270880361,0.632430398796087,0.367569601203913,0.648148148148148
"210","07733",1975.765,148991,77.3,659500,0.0310409878237009,0.872063110958669,0.127936889041331,0.287292817679558
"211","07734",2366.5,62021,79,223800,0.0652129191524378,0.595967907837893,0.404032092162107,0.794952681388013
"212","07735",4820.167,79467,84,265700,0.0898085585585586,0.737894144144144,0.262105855855856,0.799373040752351
"213","07737",869.357,110319,87.5,341700,0.0689895470383275,0.873170731707317,0.126829268292683,0.797979797979798
"214","07738",670.488,152557,90.6,577900,0.035423647678315,0.89564384873145,0.10435615126855,0.513513513513513
"215","07739",463.873,179391,98.4,642500,0.0254527655408713,0.947136563876652,0.052863436123348,0.519230769230769
"216","07740",3001.196,60122,67.2,364900,0.0334707337180544,0.421352019785655,0.578647980214345,0.793103448275862
"217","07746",3916.397,154700,78.3,564000,0.0692883895131086,0.96220633299285,0.0377936670071502,0.572481572481572
"218","07747",3692.79,109396,80.1,370300,0.0350655903128153,0.764127144298688,0.235872855701312,0.755395683453237
"219","07748",3441.254,121490,93.9,452800,0.0431311560393987,0.824883359253499,0.175116640746501,0.774038461538462
"220","07750",453.589,135909,96.5,757300,0.0381895332390382,0.827439886845827,0.172560113154173,0.481481481481481
"221","07751",3642.195,153644,72.8,552000,0.0552876888460302,0.898424943747991,0.101575056252009,0.479651162790698
"222","07753",6942.578,73544,60.2,295900,0.0581055308328036,0.650858232676415,0.349141767323585,0.839168490153173
"223","07755",819.991,103472,91.2,400900,0.0400540054005401,0.891989198919892,0.108010801080108,0.730337078651685
"224","07756",35.645,63093,93.4,498700,0.00413009808982963,0.386680433660299,0.613319566339701,0.625
"225","07757",948.272,89265,94.8,513800,0.0460232350312779,0.819928507596068,0.180071492403932,0.689320388349515
"226","07758",1253.578,95488,89.9,309200,0.104961832061069,0.86323155216285,0.13676844783715,0.812121212121212
"227","07760",607.877,168750,95.8,1024400,0.0284526854219949,0.866048593350384,0.133951406649616,0.337078651685393
"228","07762",798.615,81311,93.6,639600,0.0299653293709757,0.652303120356612,0.347696879643388,0.768595041322314
"229","07764",1102.353,109073,91.3,448800,0.0482897384305835,0.758148893360161,0.241851106639839,0.666666666666667
"230","07801",2331.17,73496,64.8,285300,0.0434568509171488,0.49132094053921,0.50867905946079,0.872521246458923
"231","07803",568.07,91219,79.1,300800,0.0636435958631663,0.888623707239459,0.111376292760541,0.8625
"232","07821",1218.566,109167,92.9,318700,0.035799522673031,0.878579952267303,0.121420047732697,0.55
"233","07822",187.58,75625,89,364000,0.0752688172043011,0.96415770609319,0.03584229390681,0.380952380952381
"234","07823",667.42,60842,94.9,244500,0.0198138697087962,0.677574302011408,0.322425697988592,0.606060606060606
"235","07825",1815.193,104918,95.3,341800,0.0470048724562912,0.869303525365434,0.130696474634566,0.457317073170732
"236","07826",835.854,85131,97.3,287100,0.0300751879699248,0.821318000884564,0.178681999115436,0.5
"237","07827",510.839,75625,95.3,215400,0.0383693045563549,0.817146282973621,0.182853717026379,0.859375
"238","07828",885.091,75528,80.4,337700,0.0186197471814144,0.48923812777588,0.51076187222412,0.678899082568807
"239","07830",1089.897,134375,96.1,480400,0.0397775876817793,0.943969204448246,0.0560307955517536,0.236559139784946
"240","07832",538.89,99243,92.2,320400,0.0369206598586017,0.889238020424195,0.110761979575805,0.425531914893617
"241","07834",966.76,124593,86.2,420300,0.0160223430839336,0.84154049683963,0.15845950316037,0.587155963302752
"242","07836",1050.674,122292,86.9,405600,0.0257936507936508,0.672839506172839,0.327160493827161,0.64957264957265
"243","07838",276.505,110139,95.2,327100,0.0272168568920105,0.827041264266901,0.172958735733099,0.67741935483871
"244","07840",2036.569,85094,84.1,297700,0.0200782712268164,0.656967840735069,0.343032159264931,0.716101694915254
"245","07843",1101.695,86846,86.2,234900,0.0285338015803336,0.814749780509219,0.185250219490781,0.784615384615385
"246","07847",196.135,112938,85.7,313100,0.0361930294906166,0.873994638069705,0.126005361930295,0.777777777777778
"247","07848",819.115,87500,92.8,335200,0.0365429234338747,0.859628770301624,0.140371229698376,0.603174603174603
"248","07849",972.18,101977,85.5,323200,0.0321525885558583,0.840326975476839,0.159673024523161,0.61864406779661
"249","07850",484.64,86198,79.6,288800,0.0272564789991063,0.743967828418231,0.256032171581769,0.80327868852459
"250","07852",310.215,85938,75.4,340900,0.0234113712374582,0.872909698996655,0.127090301003344,0.685714285714286
"251","07853",1461.026,166806,93.7,482100,0.0306146854819421,0.958143984692657,0.0418560153073427,0.4296875
"252","07856",202.38,90500,83.5,297000,0.0120137299771167,0.696796338672769,0.303203661327231,0.80952380952381
"253","07857",219.99,69000,89.1,271700,0.0202797202797203,0.474125874125874,0.525874125874126,0.758620689655172
"254","07860",3166.744,87820,94.1,264100,0.0333403010033445,0.757211538461538,0.242788461538462,0.61128526645768
"255","07863",448.89,85083,93.9,250000,0.0307167235494881,0.836860068259386,0.163139931740614,0.8
"256","07865",388.245,123250,95.9,313400,0.0586466165413534,0.920300751879699,0.0796992481203008,0.564102564102564
"257","07866",1604.38,110028,86.5,354600,0.0227299083845529,0.851327844137771,0.148672155862229,0.683673469387755
"258","07869",1459.661,140841,80.1,534600,0.0164685352819282,0.751990402443015,0.248009597556985,0.562913907284768
"259","07871",1637.409,137717,92.7,376900,0.0204507512520868,0.901224262659989,0.0987757373400111,0.469387755102041
"260","07874",600.46,97080,90.5,259400,0.0216039279869067,0.883142389525368,0.116857610474632,0.757575757575758
"261","07876",998.131,131165,90.5,388800,0.0352311161217587,0.927564825253664,0.072435174746336,0.792
"262","07878",15.93,100185,82.6,312800,0.0125,0.891666666666667,0.108333333333333,0.666666666666667
"263","07880",49.53,123558,100,130300,0.0833333333333333,1,0,0.4
"264","07882",1651.354,84135,89.1,254400,0.0306553911205074,0.718992248062015,0.281007751937984,0.655172413793103
"265","07885",1140.378,80685,76.6,297700,0.0445660672400313,0.62574928329424,0.37425071670576,0.865497076023392
"266","07901",542.251,154688,74.8,868800,0.00728271251193887,0.680754536771729,0.319245463228271,0.442622950819672
"267","07920",1158.804,151365,73.7,662100,0.0115282595388696,0.828198326872067,0.171801673127933,0.389380530973451
"268","07921",445.122,116250,86.8,378100,0.00896151818661044,0.76331049024776,0.23668950975224,0.382352941176471
"269","07922",483.026,181392,81.4,606100,0.0127895752895753,0.948841698841699,0.0511583011583012,0.584905660377358
"270","07924",337.042,165677,90,680700,0.0123982952344053,0.85974428516079,0.14025571483921,0.375
"271","07927",199.935,125588,72.7,479400,0.0150943396226415,0.669811320754717,0.330188679245283,0.583333333333333
"272","07928",516.445,191607,84.7,806800,0.00848503548287566,0.852668929342795,0.147331070657205,0.272727272727273
"273","07930",715.476,148466,89,648900,0.0185001651800463,0.918070697059795,0.0819293029402048,0.178571428571429
"274","07931",632.899,182642,90.3,922600,0.032007759456838,0.880698351115422,0.119301648884578,0.242424242424242
"275","07932",372.864,127273,87.7,643800,0.0100200400801603,0.682865731462926,0.317134268537074,0.375
"276","07933",232.35,138929,95.6,531800,0.0206093189964158,0.888888888888889,0.111111111111111,0.478260869565217
"277","07934",210.971,141667,95.9,702600,0.0251937984496124,0.893410852713178,0.106589147286822,0.461538461538462
"278","07936",914.44,136016,85.2,608700,0.0259878016441262,0.950941394855476,0.049058605144524,0.581632653061224
"279","07940",747.077,146620,85.2,724000,0.0144927536231884,0.676149579531222,0.323850420468778,0.283950617283951
"280","07945",474.047,183352,92.9,731500,0.0119009327758122,0.917658411064651,0.082341588935349,0.243243243243243
"281","07946",118.92,168214,89.7,630600,0.0144144144144144,0.91981981981982,0.0801801801801802,0.4375
"282","07950",854.65,127226,74.4,480600,0.0142717224010074,0.780607247796278,0.219392752203722,0.598039215686274
"283","07960",1337.825,125744,82.2,597500,0.00853327422840361,0.611736022607636,0.388263977392364,0.545454545454545
"284","07974",286.735,154655,83.1,610800,0.00774068698597,0.824141267537494,0.175858732462506,0.46875
"285","07976",146.154,94432,97.4,2000001,0.0364238410596026,0.754966887417219,0.245033112582781,0.181818181818182
"286","07977",15.09,87188,81.4,506600,0.00865800865800866,0.554112554112554,0.445887445887446,0.5
"287","07980",137.323,122656,88.8,588300,0.0165745856353591,0.70828729281768,0.29171270718232,0.6
"288","07981",637.16,118897,85.3,509600,0.0219224283305228,0.85469364811692,0.14530635188308,0.576923076923077
"289","08001",954.255,71111,91.2,181000,0.242331288343558,0.800613496932515,0.199386503067485,0.607594936708861
"290","08002",3995.405,82285,72,237600,0.0528137561411344,0.644260830728004,0.355739169271996,0.754756871035941
"291","08003",5435.994,133946,74.6,330300,0.0556577736890524,0.88196872125115,0.11803127874885,0.64297520661157
"292","08004",3117.578,96176,81.8,191800,0.0893521965748325,0.900223380491437,0.0997766195085629,0.772222222222222
"293","08005",9887.492,73914,91.1,255200,0.128353104627552,0.876883616543764,0.123116383456236,0.840133222314738
"294","08006",196.91,74479,94.7,697600,0.186440677966102,0.909604519774011,0.0903954802259887,0.484848484848485
"295","08007",635.475,75417,91.3,181600,0.0405660377358491,0.588679245283019,0.411320754716981,0.662790697674419
"296","08008",2287.541,87960,98.2,808800,0.103133903133903,0.915384615384615,0.0846153846153846,0.469613259668508
"297","08009",4308.601,90921,81.3,221900,0.0930232558139535,0.851643945469126,0.148356054530874,0.767241379310345
"298","08010",2321.555,64525,63,170400,0.0709187197789546,0.592217361271011,0.407782638728989,0.86038961038961
"299","08012",11368.983,74573,78.1,204600,0.0871878837494883,0.66632555601037,0.33367444398963,0.754303599374022
"300","08014",145.61,79338,100,164900,0.0962566844919786,0.60427807486631,0.39572192513369,0.833333333333333
"301","08015",4543.554,66039,67.9,166600,0.0713587487781036,0.788018433179724,0.211981566820276,0.796477495107632
"302","08016",8234.926,77281,53.5,232200,0.0833264717990943,0.734705640181144,0.265294359818856,0.742094861660079
"303","08019",480.475,98500,85.6,284200,0.0945945945945946,0.821621621621622,0.178378378378378,0.6
"304","08020",1155.556,94297,92.2,278800,0.119622245540399,0.971668415529906,0.0283315844700944,0.657894736842105
"305","08021",8153.805,53799,55,146500,0.0550884472592269,0.52986459925748,0.47013540074252,0.805748265609514
"306","08022",5053.733,95917,78.9,319600,0.162759364052816,0.949609269738615,0.0503907302613851,0.677152317880795
"307","08023",117.02,28988,97.2,116300,0.104895104895105,0.237762237762238,0.762237762237762,0.866666666666667
"308","08026",360.91,85625,89.6,214900,0.0578947368421053,0.956578947368421,0.043421052631579,0.727272727272727
"309","08027",2657.629,73083,93.3,174200,0.160436137071651,0.803219106957425,0.196780893042575,0.812297734627832
"310","08028",4752.363,72313,65.2,204500,0.0882852292020374,0.655502392344498,0.344497607655502,0.741258741258741
"311","08029",1257.21,66974,93.1,170300,0.077079107505071,0.718052738336714,0.281947261663286,0.815789473684211
"312","08030",1312.204,60371,82.4,127300,0.0382868267358858,0.684620376378975,0.315379623621025,0.785310734463277
"313","08031",2584.795,59646,79.9,167700,0.0765027322404372,0.628642987249545,0.371357012750455,0.824404761904762
"314","08033",961.915,124375,95.6,449700,0.0198216055500496,0.762636273538157,0.237363726461843,0.475
"315","08034",2447.815,95012,77,245500,0.0409110692006383,0.795299579283331,0.204700420716669,0.659574468085106
"316","08035",502.11,99375,95.3,285900,0.0219707057256991,0.807589880159787,0.192410119840213,0.606060606060606
"317","08036",1641.905,108521,88.7,300100,0.0767857142857143,0.921875,0.078125,0.61046511627907
"318","08037",9845.783,76073,83.4,235100,0.111111111111111,0.774534534534535,0.225465465465465,0.684324324324324
"319","08038",204.415,84583,100,175000,0.444444444444444,0.888888888888889,0.111111111111111,0.7
"320","08041",243.82,119643,84.2,373800,0.0787878787878788,0.9,0.1,0.5
"321","08043",4385.862,98888,65.4,324200,0.0456567123536353,0.667423073431969,0.332576926568031,0.628230616302187
"322","08045",746.905,63850,6.8,166500,0.0779450841452613,0.627989371124889,0.372010628875111,0.897727272727273
"323","08046",15020.183,75382,20.3,166000,0.178621528102497,0.792668100626578,0.207331899373422,0.870680628272251
"324","08048",3311.846,88397,66.9,319700,0.0729677832302112,0.725197354384468,0.274802645615532,0.599415204678363
"325","08049",1415.915,62988,71.5,165300,0.0944417117560256,0.703885882931628,0.296114117068372,0.791666666666667
"326","08050",12203.347,82748,92.3,277800,0.145948666331152,0.844992450931052,0.155007549068948,0.790344827586207
"327","08051",2727.229,78846,90.6,181400,0.071360153256705,0.793582375478927,0.206417624521073,0.644295302013423
"328","08052",2150.787,61335,75.3,187500,0.0339167169583585,0.469161134580567,0.530838865419433,0.768683274021352
"329","08053",8794.05,100720,84.5,290300,0.0551520653654108,0.759248751702224,0.240751248297776,0.667695473251029
"330","08054",7839.32,94832,74,272800,0.0517281239163103,0.759507571379031,0.240492428620969,0.604469273743017
"331","08055",3215.37,123132,93.8,353400,0.0278637770897833,0.869769299910117,0.130230700089883,0.494623655913978
"332","08056",3031.16,158750,81.1,367600,0.176938369781312,0.957587806494367,0.0424121935056329,0.606741573033708
"333","08057",2313.933,148233,83.1,514600,0.033208800332088,0.817766708177667,0.182233291822333,0.45
"334","08059",1052.525,76708,96.4,169100,0.0686412787964269,0.732016925246826,0.267983074753174,0.732876712328767
"335","08060",6104.839,91616,62.4,231900,0.0856499718626899,0.746314012380416,0.253685987619584,0.758212877792378
"336","08061",1310.996,150303,74.8,301300,0.152219873150106,0.895348837209302,0.104651162790698,0.694444444444444
"337","08062",6963.422,140609,95,357100,0.114146706586826,0.921032934131736,0.0789670658682635,0.439344262295082
"338","08063",822.362,65699,92.1,150500,0.0850492390331244,0.818263205013429,0.181736794986571,0.778947368421053
"339","08065",576.93,72578,71.8,175200,0.0290265486725664,0.694867256637168,0.305132743362832,0.682926829268293
"340","08066",1802.755,51647,69.3,116800,0.0627235213204952,0.605226960110041,0.394773039889959,0.758771929824561
"341","08067",1595.64,87188,85.6,229900,0.258943781942078,0.887563884156729,0.112436115843271,0.690789473684211
"342","08068",1437.805,61551,54.7,197700,0.0590327169274538,0.596728307254623,0.403271692745377,0.855421686746988
"343","08069",3907.235,51303,65,143500,0.0902542372881356,0.520974576271186,0.479025423728814,0.816901408450704
"344","08070",5446.987,69035,91.1,155200,0.1084,0.7406,0.2594,0.809963099630996
"345","08071",1644.914,77465,92.4,187300,0.0567155756207675,0.735891647855531,0.26410835214447,0.696517412935323
"346","08072",213.975,73194,77.7,158300,0.22,1,0,0.772727272727273
"347","08075",4266.697,77750,81.4,223700,0.0472275509271947,0.712706677628574,0.287293322371426,0.707930367504836
"348","08077",3361.396,109068,90.6,274700,0.0556683096549725,0.879675268193679,0.120324731806321,0.6484375
"349","08078",1867.877,67263,81,163700,0.0765322324547475,0.684979358526516,0.315020641473484,0.842323651452282
"350","08079",5151.711,45889,60.7,172600,0.113953488372093,0.60671834625323,0.39328165374677,0.752834467120181
"351","08080",11685.073,103247,85.4,259000,0.0912212600776351,0.886682591818453,0.113317408181547,0.684124386252046
"352","08081",18407.235,89201,53.2,206300,0.126377225894825,0.818593294026562,0.181406705973438,0.810084825636192
"353","08083",2807.76,76433,74,193200,0.0882194728348575,0.754706831629909,0.245293168370091,0.725609756097561
"354","08084",1690.561,79677,79.2,179100,0.0795766366130929,0.771854174833399,0.228145825166601,0.714285714285714
"355","08085",9812.13,126956,78.5,293600,0.151443375277572,0.845743893412287,0.154256106587713,0.67741935483871
"356","08086",1959.658,75326,81.8,215300,0.0680810639645345,0.69854338188727,0.30145661811273,0.67906976744186
"357","08087",15286.865,66410,94.9,229200,0.174864889621691,0.839607950902262,0.160392049097737,0.832896804609743
"358","08088",9326.237,83160,93.6,267800,0.091164095371669,0.931384183838602,0.0686158161613982,0.656804733727811
"359","08089",2402.78,65577,81.4,190300,0.1491344873502,0.845539280958722,0.154460719041278,0.736607142857143
"360","08090",2539.776,96015,86.6,195900,0.115315315315315,0.90954954954955,0.0904504504504505,0.7375
"361","08091",1882.376,67654,65.9,182800,0.107818088911599,0.681144609095554,0.318855390904446,0.677725118483412
"362","08092",2233.41,73542,97.2,282200,0.151053013798112,0.774872912127814,0.225127087872186,0.730769230769231
"363","08093",1713.435,58365,79.1,153900,0.0608790608790609,0.635817635817636,0.364182364182364,0.739910313901345
"364","08094",17273.046,82220,79.8,204800,0.126202333037724,0.862200695818269,0.137799304181731,0.744324324324324
"365","08096",7391.157,70780,73.7,196100,0.0642997740030619,0.705183349128818,0.294816650871182,0.766439909297052
"366","08097",673.84,90333,87.5,200300,0.0644599303135888,0.882404181184669,0.117595818815331,0.702702702702703
"367","08098",4767.994,92750,88.2,279200,0.12174977057204,0.711838482716427,0.288161517283573,0.638190954773869
"368","08102",39,21138,27.9,83400,0.0020703933747412,0.235610766045549,0.764389233954451,0.4
"369","08103",83.29,27057,17.5,83300,0.00253914515446466,0.406474820143885,0.593525179856115,0.833333333333333
"370","08104",115.95,23617,18.5,69500,0.00239520958083832,0.350059880239521,0.649940119760479,0.9
"371","08105",839.94,33353,29.7,92300,0.0148724402242306,0.450634938794188,0.549365061205812,0.784615384615385
"372","08106",1394.239,82295,92.9,210500,0.0427102557342473,0.64170841022937,0.35829158977063,0.62962962962963
"373","08107",1057.865,58555,68.3,187400,0.029240862230553,0.534582942830366,0.465417057169634,0.743589743589744
"374","08108",1321.218,97279,90.4,269000,0.0276503734766086,0.669374918097235,0.330625081902765,0.672985781990521
"375","08109",3957.281,70153,60.9,173200,0.0630491569698409,0.726668249821895,0.273331750178105,0.811676082862524
"376","08110",3228.28,63664,33.1,135800,0.0791278354141023,0.774397749252682,0.225602250747318,0.853333333333333
"377","08201",4847.706,62063,67.5,188600,0.138974358974359,0.65974358974359,0.34025641025641,0.765682656826568
"378","08202",469.111,87604,99.5,1108100,0.0865265760197775,0.936959208899876,0.0630407911001236,0.557142857142857
"379","08203",3146.725,72372,91.4,354200,0.0979763079960513,0.74111549851925,0.25888450148075,0.700251889168766
"380","08204",8542.946,71340,92.4,293800,0.126826115061409,0.778409825468649,0.221590174531351,0.774719673802243
"381","08205",10754.377,70966,67.8,201400,0.128305582761998,0.774534769833497,0.225465230166503,0.800763358778626
"382","08210",8317.686,71655,82.7,260200,0.130543801911926,0.814762576398684,0.185237423601316,0.750300120048019
"383","08212",179.19,62500,98.9,776500,0.304347826086957,0.967391304347826,0.0326086956521739,0.321428571428571
"384","08215",6338.389,67403,74.1,213100,0.113935969868173,0.698870056497175,0.301129943502825,0.732231404958678
"385","08221",2581.267,109013,88.6,290000,0.103228377839777,0.853726584296532,0.146273415703468,0.633204633204633
"386","08223",2540.747,78587,99.1,277300,0.140642303433001,0.871539313399779,0.128460686600221,0.716535433070866
"387","08224",516.23,82768,83.2,243100,0.248648648648649,0.854054054054054,0.145945945945946,0.652173913043478
"388","08225",4211.36,87156,88.9,223100,0.176388403772267,0.916521131680056,0.0834788683199441,0.762376237623762
"389","08226",1646.77,81076,92.2,574100,0.0454978107747954,0.71311631448696,0.28688368551304,0.564853556485356
"390","08230",2768.644,95083,97.2,313700,0.123741007194245,0.907434052757794,0.0925659472422062,0.651162790697674
"391","08232",6240.484,40964,36.5,136100,0.1368,0.50528,0.49472,0.914619883040936
"392","08234",24828.022,81681,67.9,211600,0.197858272243783,0.871640074744861,0.128359925255139,0.803123864874682
"393","08241",1266.94,114167,97,264300,0.272277227722772,0.943069306930693,0.0569306930693069,0.536363636363636
"394","08242",2105.33,67206,93.9,258400,0.188383045525903,0.755102040816326,0.244897959183673,0.916666666666667
"395","08243",260.375,73403,98.8,671700,0.0441044104410441,0.907290729072907,0.0927092709270927,0.612244897959184
"396","08244",2406.21,61319,80.7,222100,0.0689265536723164,0.577627118644068,0.422372881355932,0.783606557377049
"397","08247",233.925,99063,99.6,1247800,0.072289156626506,0.905622489959839,0.0943775100401606,0.5
"398","08251",7012.61,56545,94.5,190600,0.216981132075472,0.811562651185293,0.188437348814707,0.87736900780379
"399","08260",3937.823,50911,92.1,336600,0.0948713747337375,0.647714238898902,0.352285761101098,0.83419689119171
"400","08270",3078.031,65000,88.5,261600,0.0972130059721301,0.752488387524884,0.247511612475116,0.706484641638225
"401","08302",10668.578,51161,61.9,164400,0.073454441013858,0.598980397788468,0.401019602211532,0.804496578690127
"402","08310",897.92,53885,96,107600,0.1421143847487,0.7157712305026,0.2842287694974,0.792682926829268
"403","08311",1303.295,64531,75.7,167700,0.187017001545595,0.72952086553323,0.27047913446677,0.735537190082645
"404","08312",3381.12,68398,78,199400,0.138860802157061,0.777553083923155,0.222446916076845,0.803398058252427
"405","08314",193.67,78796,32.6,152300,0.109195402298851,0.948275862068966,0.0517241379310345,0.736842105263158
"406","08316",346.55,67688,89.2,131500,0.333333333333333,1,0,0.909090909090909
"407","08317",868.096,81414,76.7,251200,0.146666666666667,0.870476190476191,0.12952380952381,0.675324675324675
"408","08318",5281.018,85279,90,217200,0.106050605060506,0.898569856985699,0.101430143014301,0.653526970954357
"409","08319",1295.343,100682,95.6,258800,0.251207729468599,0.992753623188406,0.0072463768115942,0.634615384615385
"410","08321",108.9,26250,100,179700,0.204819277108434,0.590361445783133,0.409638554216867,0.823529411764706
"411","08322",5237.347,87530,87,206900,0.129338394793926,0.909164859002169,0.0908351409978308,0.685534591194969
"412","08323",197.235,77054,89.1,203100,0.0822510822510823,0.774891774891775,0.225108225108225,0.526315789473684
"413","08324",245.429,123158,96.8,206900,0.175925925925926,1,0,0.789473684210526
"414","08326",707.505,63802,79.6,147500,0.154008438818565,0.765822784810127,0.234177215189873,0.849315068493151
"415","08328",441.786,65227,91.6,165700,0.0817490494296578,0.956273764258555,0.0437262357414449,0.744186046511628
"416","08329",52.93,67188,73.3,283800,0.0394736842105263,0.75,0.25,0.5
"417","08330",10961.856,70231,63.1,205100,0.115464698088207,0.73414726481166,0.26585273518834,0.75
"418","08332",12106.131,57265,76.1,153900,0.0970817262207991,0.671202969216214,0.328797030783786,0.839580209895052
"419","08340",750.125,75042,90.9,252700,0.130242825607064,0.818984547461369,0.181015452538631,0.610169491525424
"420","08341",492.25,33750,64.5,183500,0.0513565891472868,0.430232558139535,0.569767441860465,0.754716981132076
"421","08343",2910.545,104722,89.7,260800,0.146682188591385,0.889988358556461,0.110011641443539,0.583333333333333
"422","08344",2197.825,71321,92.8,174900,0.113686534216336,0.874172185430464,0.125827814569536,0.694174757281553
"423","08345",444.915,59583,88,144700,0.181818181818182,0.831168831168831,0.168831168831169,0.785714285714286
"424","08346",602.395,80169,45.9,151700,0.202054794520548,0.893835616438356,0.106164383561644,0.813559322033898
"425","08348",150.365,83750,100,125800,0.209677419354839,0.725806451612903,0.274193548387097,0.769230769230769
"426","08349",695.644,48438,82.4,127700,0.0989956958393113,0.885222381635581,0.114777618364419,0.855072463768116
"427","08350",414.24,71000,93.4,263900,0.163793103448276,0.939655172413793,0.0603448275862069,0.710526315789474
"428","08352",35.95,83833,57.2,122500,0.0182926829268293,0.890243902439024,0.109756097560976,0.666666666666667
"429","08353",106.22,63125,85,159100,0.0789473684210526,0.690789473684211,0.309210526315789,1
"430","08360",5914.663,50775,69,156000,0.0557719909780603,0.592714100198209,0.407285899801791,0.731617647058823
"431","08361",1628.328,78340,77.9,207600,0.0371397750038527,0.812297734627832,0.187702265372168,0.672199170124481
"432","08401",2053.213,29232,29.6,156700,0.0210268317853457,0.272381320949432,0.727618679050568,0.858895705521472
"433","08402",1437.229,83045,94.2,483700,0.0702352540061371,0.811114899420389,0.188885100579611,0.674757281553398
"434","08403",232.615,124643,98.4,886000,0.0646551724137931,0.864224137931034,0.135775862068966,0.5
"435","08406",2367.125,59219,80.4,273500,0.0723774622079707,0.654145671094824,0.345854328905176,0.75
"436","08501",2069.515,117750,85.4,415700,0.0874734607218684,0.925265392781316,0.0747346072186836,0.635922330097087
"437","08502",2115.81,201406,53.4,637900,0.060077519379845,0.78765227021041,0.21234772978959,0.313364055299539
"438","08505",4734.771,93795,75.7,288100,0.0813953488372093,0.752325581395349,0.247674418604651,0.633928571428571
"439","08510",882.358,153194,89.8,581800,0.0380794701986755,0.923841059602649,0.076158940397351,0.521739130434783
"440","08511",431.726,80750,84.4,233700,0.10443864229765,0.830287206266319,0.169712793733681,0.625
"441","08512",2560.54,90389,66.8,483700,0.0483079941147621,0.601029916625797,0.398970083374203,0.467005076142132
"442","08514",1516.523,100781,94.2,368400,0.0712777191129884,0.904963041182682,0.0950369588173178,0.577777777777778
"443","08515",2268.057,146719,67.6,459500,0.144535840188014,0.916568742655699,0.0834312573443008,0.317073170731707
"444","08518",1174.395,64767,71.1,205800,0.0625277161862528,0.665188470066519,0.334811529933481,0.574468085106383
"445","08520",3393.124,93419,69.5,295700,0.0430988040081888,0.693459756491757,0.306540243508243,0.635
"446","08525",1131.183,116691,96.7,426700,0.0584763948497854,0.812768240343348,0.187231759656652,0.256880733944954
"447","08527",15233.334,94959,87.7,361700,0.0794546078767963,0.850066212173231,0.149933787826769,0.75
"448","08530",1089.214,95341,88.8,430900,0.0350194552529183,0.674773022049287,0.325226977950713,0.314814814814815
"449","08533",1852.827,104917,96.4,340000,0.0688524590163934,0.859016393442623,0.140983606557377,0.577380952380952
"450","08534",2115.74,138073,81.3,476100,0.0462122810719561,0.871913905887318,0.128086094112682,0.315068493150685
"451","08535",1007.74,177431,88,587500,0.0543272267845862,0.932406822488945,0.067593177511055,0.5
"452","08536",2354.062,111258,27.5,483400,0.0352338244714926,0.444586803331198,0.555413196668802,0.269090909090909
"453","08540",4574.505,144204,61.8,651000,0.0265370317414927,0.671890191592794,0.328109808407206,0.286637931034483
"454","08542",57.32,81211,70,484100,0.00461627236006924,0.29197922677438,0.70802077322562,0.375
"455","08550",3419.412,192231,50.6,626800,0.0528766711732011,0.849481748535376,0.150518251464624,0.363636363636364
"456","08551",1370.523,139609,90.5,475900,0.0728992765720645,0.923205342237062,0.0767946577629382,0.320610687022901
"457","08553",124.665,111688,90.1,521500,0.0534979423868313,0.818930041152263,0.181069958847737,0.230769230769231
"458","08554",355.54,85725,80.2,171700,0.0274431057563588,0.806559571619813,0.193440428380187,0.634146341463415
"459","08555",79.325,105556,90.2,316300,0.0306122448979592,0.891156462585034,0.108843537414966,0.777777777777778
"460","08558",1285.709,210682,71.8,681800,0.0457719162141195,0.893328161365399,0.1066718386346,0.26271186440678
"461","08559",1122.397,115182,96.6,472700,0.0486307837582625,0.800755429650614,0.199244570349386,0.271844660194175
"462","08560",1087.221,110038,80.4,404000,0.0731528895391368,0.910753474762253,0.0892465252377469,0.4
"463","08561",27.555,128289,40.3,387500,0.0196078431372549,0.843137254901961,0.156862745098039,0.5
"464","08562",1205.14,62200,77.8,220800,0.0627828054298643,0.585972850678733,0.414027149321267,0.531531531531532
"465","08609",198.33,34602,39.2,83500,0.00648570742253183,0.242133077107855,0.757866922892145,0.777777777777778
"466","08610",4597.489,64743,67,199900,0.0567070435172723,0.634096007178107,0.365903992821893,0.776898734177215
"467","08611",300.88,37482,60.8,92600,0.00626053455333494,0.313387912352516,0.686612087647484,0.634615384615385
"468","08618",1659.539,40797,31.1,172100,0.0180690605619784,0.437868463364214,0.562131536635786,0.800847457627119
"469","08619",3720.131,83612,80.7,252300,0.051096566770008,0.693879894362154,0.306120105637846,0.721348314606742
"470","08620",2375.552,94807,84.3,266100,0.0712700369913687,0.811097410604192,0.188902589395808,0.664359861591695
"471","08628",1386.338,95417,73.2,271100,0.0414685684099313,0.629688325409403,0.370311674590597,0.726114649681529
"472","08629",626.415,63094,41.5,112900,0.0257542310522443,0.640421878832475,0.359578121167525,0.819047619047619
"473","08638",2219.16,54710,50.3,172300,0.037604283401818,0.590835512389491,0.409164487610509,0.71523178807947
"474","08648",3705.078,100930,69.3,317100,0.0397825336555057,0.674749741111495,0.325250258888505,0.639913232104121
"475","08690",3558.376,100650,88.3,294200,0.0616587060356057,0.868143001881604,0.131856998118396,0.715962441314554
"476","08691",3070.455,133960,75.5,405700,0.0525394045534151,0.86785543703232,0.13214456296768,0.351515151515152
"477","08701",15010.165,52148,91.4,335600,0.0599638366763383,0.503006601909087,0.496993398090913,0.6164095371669
"478","08720",204.445,108750,98.6,583300,0.0833333333333333,0.793650793650794,0.206349206349206,0.761904761904762
"479","08721",8048.662,88039,89.2,283500,0.126117583310756,0.819967488485505,0.180032511514495,0.827067669172932
"480","08722",3720.945,79777,91.9,231500,0.119251336898396,0.860160427807487,0.139839572192513,0.87219730941704
"481","08723",8423.447,76242,91,289300,0.0773366100913908,0.778281238000154,0.221718761999846,0.797418073485601
"482","08724",7854.536,79656,91.6,289700,0.0571168988491823,0.864324651726227,0.135675348273773,0.808059384941676
"483","08730",465.037,140221,95.7,639700,0.0353276353276353,0.918518518518519,0.0814814814814815,0.741935483870968
"484","08731",5914.276,82907,95.7,260200,0.0883433972171174,0.898135993699134,0.101864006300866,0.791976225854383
"485","08732",210.586,97059,88.9,391900,0.040133779264214,0.809364548494983,0.190635451505017,0.666666666666667
"486","08733",1636.921,68586,80.1,190300,0.224379719525351,0.651564185544768,0.348435814455232,0.894230769230769
"487","08734",2610.7,87868,99.3,322000,0.0862733471686926,0.890601838126297,0.109398161873703,0.786941580756014
"488","08735",416.514,77283,98.2,642800,0.0315893385982231,0.896841066140178,0.103158933859822,0.546875
"489","08736",1732.698,127385,96.8,637400,0.0464926590538336,0.879690048939641,0.120309951060359,0.697368421052632
"490","08738",149.79,99444,92.9,1191700,0.0307443365695793,0.932038834951456,0.0679611650485437,0.578947368421053
"491","08740",254.493,57426,96.1,240800,0.0549927641099855,0.720694645441389,0.279305354558611,0.789473684210526
"492","08741",708.492,94402,95.3,330000,0.0824120603015075,0.908542713567839,0.0914572864321608,0.768292682926829
"493","08742",4599.052,99316,96.6,423800,0.0593453655552157,0.791475476700316,0.208524523299684,0.695876288659794
"494","08750",412.619,131949,99.9,943900,0.0409266409266409,0.965250965250965,0.0347490347490347,0.509433962264151
"495","08751",250.254,78648,79.8,452700,0.0189412336085478,0.542010684798446,0.457989315201554,0.512820512820513
"496","08752",502.733,71797,97.6,642400,0.0675105485232067,0.749367088607595,0.250632911392405,0.525
"497","08753",17963.049,82858,87.1,292700,0.0920424745281802,0.771462963759082,0.228537036240918,0.832788416627744
"498","08755",5729.108,70419,83.5,282000,0.0572374184756157,0.839287452545508,0.160712547454492,0.673469387755102
"499","08757",11227.334,46107,88.4,169700,0.0980179528887282,0.86414844267727,0.13585155732273,0.916410571604179
"500","08758",2422.351,69954,97.1,327700,0.087362171331637,0.811987560079163,0.188012439920837,0.838187702265372
"501","08759",13703.751,39900,92.3,131500,0.0758154417836499,0.860342691990091,0.139657308009909,0.908781484002723
"502","08801",813.441,127130,74.2,414000,0.0300312012480499,0.845553822152886,0.154446177847114,0.311688311688312
"503","08802",856.638,132281,95.8,392600,0.0564689063616869,0.914224446032881,0.0857755539671194,0.379746835443038
"504","08804",530.935,102609,96.4,337900,0.0493827160493827,0.903292181069959,0.0967078189300412,0.541666666666667
"505","08805",1116.396,72287,77,290700,0.0396539293439077,0.552751742369623,0.447248257630377,0.775757575757576
"506","08807",4415.555,131955,68.1,484200,0.0409618448001214,0.823333080482439,0.176666919517561,0.511111111111111
"507","08808",20.075,73459,100,83400,0.0235294117647059,0.776470588235294,0.223529411764706,1
"508","08809",647.915,102760,77.4,364700,0.0295186194368756,0.740236148955495,0.259763851044505,0.446153846153846
"509","08810",1371.226,128990,28.7,405300,0.0558785529715762,0.826227390180879,0.173772609819121,0.508670520231214
"510","08812",1626.862,99648,61.5,360300,0.0466798159105851,0.786543940390094,0.213456059609906,0.633802816901408
"511","08816",6396.952,115029,65.6,398800,0.0489199878308488,0.809552783693337,0.190447216306663,0.639303482587065
"512","08817",4624.578,93571,42.1,323000,0.0407350295553842,0.553071189925469,0.446928810074531,0.667192429022082
"513","08820",4705.321,132451,23.8,495500,0.0409588084710263,0.736870684974013,0.263129315025987,0.4375
"514","08821",53.053,56313,89,375700,0.0344827586206897,0.937931034482759,0.0620689655172414,0.6
"515","08822",3986.315,115981,87,429700,0.0351285957523076,0.783761985841025,0.216238014158975,0.395408163265306
"516","08823",1095.086,103938,34,268000,0.0316766794101584,0.687056253413435,0.312943746586565,0.327586206896552
"517","08824",2549.467,147109,51.8,441200,0.0806411837237978,0.905548705302096,0.0944512946979038,0.440366972477064
"518","08825",990.694,108189,96.8,418800,0.0557184750733138,0.726686217008798,0.273313782991202,0.368421052631579
"519","08826",780.194,107669,92.3,349900,0.0359367513176809,0.816003833253474,0.183996166746526,0.306666666666667
"520","08827",796.457,105031,96.6,373600,0.0420367081113085,0.882770870337478,0.117229129662522,0.338028169014085
"521","08828",241.18,93056,87,253300,0.0261506276150628,0.757322175732218,0.242677824267782,0.76
"522","08829",235.481,96272,92.5,265600,0.0193075898801598,0.756324900133156,0.243675099866844,0.482758620689655
"523","08830",2439.938,95430,32.1,303200,0.0561343492458405,0.713885865339761,0.286114134660239,0.706371191135734
"524","08831",9083.514,89331,75.4,357700,0.0448107621619061,0.886078347780778,0.113921652219222,0.531712473572939
"525","08832",315.37,65761,68.1,249000,0.0418250950570342,0.236692015209125,0.763307984790874,0.659090909090909
"526","08833",1331.643,130694,94.5,494400,0.0377657886385275,0.875595049190733,0.124404950809267,0.319327731092437
"527","08835",1909.975,69625,80.1,262000,0.0749800584950811,0.660462642914119,0.339537357085881,0.790780141843972
"528","08836",499.785,169583,84.1,618800,0.0376789751318764,0.92690278824416,0.0730972117558402,0.22
"529","08837",1484.518,87738,43.8,331500,0.0304918032786885,0.521147540983607,0.478852459016393,0.650537634408602
"530","08840",1730.294,126671,69,404200,0.0382018771612053,0.787419726658982,0.212580273341018,0.581896551724138
"531","08844",8479.993,129857,72.2,438200,0.0641164964138231,0.849235673404332,0.150764326595668,0.317514124293785
"532","08846",1971.101,75460,64.3,307000,0.0509449465899754,0.693097781429745,0.306902218570255,0.75
"533","08848",1650.575,109904,99,325000,0.0476040353089533,0.915195460277427,0.0848045397225725,0.377483443708609
"534","08850",370.553,109135,89.4,350800,0.0134418111071808,0.819596745666785,0.180403254333215,0.5
"535","08852",2430.538,107061,36.2,404300,0.0385985748218527,0.693883610451306,0.306116389548694,0.326923076923077
"536","08853",774.371,156058,85.9,570000,0.0429621254946297,0.884115319389486,0.115884680610514,0.289473684210526
"537","08854",8822.694,100034,34.8,334300,0.0730093966369931,0.67433234421365,0.32566765578635,0.690939881456393
"538","08857",5394.468,95930,77,360100,0.0430338891877353,0.671395911780527,0.328604088219473,0.7734375
"539","08859",4616.816,82388,63.1,316800,0.0687899597442576,0.62964717025811,0.37035282974189,0.882960413080895
"540","08861",4900.355,53471,79.3,261900,0.0451330616159194,0.312514984416207,0.687485015583793,0.816733067729084
"541","08863",2249.168,91272,64.1,306700,0.0759137769447048,0.696813495782568,0.303186504217432,0.777777777777778
"542","08865",2694.2,70334,84.7,197600,0.0273075287111867,0.656061250531689,0.343938749468311,0.660436137071651
"543","08867",1375.143,125354,93.6,474300,0.0610225398570643,0.85761407366685,0.14238592633315,0.387387387387387
"544","08869",969.795,79362,73.3,343600,0.0430717863105175,0.55025041736227,0.44974958263773,0.573643410852713
"545","08872",3277.383,79597,64.6,294300,0.0554943541724043,0.58248416414211,0.41751583585789,0.806451612903226
"546","08873",10350.348,89784,44.3,340100,0.0637151672461923,0.702482981536804,0.297517018463196,0.685626441199078
"547","08876",1569.196,99755,78.2,383700,0.025356194156001,0.673750301859454,0.326249698140546,0.642857142857143
"548","08879",3366.28,71982,70.6,288300,0.0540196645459803,0.559282822440717,0.440717177559283,0.87152034261242
"549","08880",704.135,85223,62.9,248800,0.0685534591194969,0.568553459119497,0.431446540880503,0.844036697247706
"550","08882",398.76,77996,79.3,299000,0.00712795549374131,0.625,0.375,0.24390243902439
"551","08884",1751.319,80074,84.2,305100,0.0670408481446835,0.773620205799813,0.226379794200187,0.827906976744186
"552","08886",967.79,109698,83.9,316000,0.0391389432485323,0.820352250489237,0.179647749510763,0.58
"553","08887",36.23,97688,91.7,195500,0.00998003992015968,0.792415169660679,0.207584830339321,0.4
"554","08889",1198.84,128413,93.6,469300,0.0248051027639972,0.908575478384125,0.0914245216158753,0.323809523809524
"555","08901",1161.621,43783,63.6,251100,0.0116779749478079,0.186847599164927,0.813152400835073,0.754189944134078
"556","08902",4409.522,96389,46,342700,0.0369271120927664,0.557219768083931,0.442780231916068,0.678504672897196
"557","08904",781.552,81402,66.7,373700,0.020052310374891,0.41743679163034,0.58256320836966,0.556521739130435
